Team,Season,GP,W,L,T,OT,P,P%,XGF/60,RW,ROW,S/O Win,GF,GA,GF/GP,GA/GP,PP%,PK%,Net PP%,Net PK%,Shots/GP,SA/GP,FOW%
Florida,20212022,82,58,18,--,6,122,0.744,3.84,42,55,3,337,242,4.11,2.95,24.4,79.5,21.4,84.2,37.3,30.7,48.2
Colorado,20212022,82,56,19,--,7,119,0.726,3.32,46,52,4,308,232,3.76,2.83,24,79.7,22.2,82.2,35,32,47.3
Carolina,20212022,82,54,20,--,8,116,0.707,3.5,47,53,1,277,200,3.38,2.44,22,88,20.7,89.5,34.1,28.2,53.9
Toronto,20212022,82,54,21,--,7,115,0.701,3.55,45,51,3,312,252,3.8,3.07,27.3,82.1,25.5,87.6,34.6,30.6,55.1
Minnesota,20212022,82,53,22,--,7,113,0.689,3.04,37,48,5,305,249,3.72,3.04,20.5,76.1,18.6,76.9,32.5,31.4,47.6
Calgary,20212022,82,50,21,--,11,111,0.677,3.2,44,48,2,291,206,3.55,2.51,22.9,83.2,21.6,86,35.5,29,51.1
New York Rangers,20212022,82,52,24,--,6,110,0.671,2.88,44,48,4,250,204,3.05,2.49,25.2,82.3,24.3,85.8,29.2,30.8,48.1
Tampa Bay,20212022,82,51,23,--,8,110,0.671,3.15,39,49,2,285,228,3.48,2.78,23.9,80.6,22,83.3,30.9,29.8,50.1
St. Louis,20212022,82,49,22,--,11,109,0.665,3.07,43,47,2,309,239,3.77,2.91,27,84.1,24.9,88.2,30.4,31.6,50.2
Boston,20212022,82,51,26,--,5,107,0.652,3.15,40,49,2,253,218,3.09,2.66,21.2,81.3,18.6,83.2,36.1,28.7,54.2
Edmonton,20212022,82,49,27,--,6,104,0.634,3.45,38,44,5,285,251,3.48,3.06,26,79.4,23.4,83.7,34,32.3,51.3
Pittsburgh,20212022,82,46,25,--,11,103,0.628,3.29,37,43,3,269,222,3.28,2.71,20.2,84.4,16.9,85.9,34.7,31.4,51.1
Washington,20212022,82,44,26,--,12,100,0.61,2.94,35,39,5,270,242,3.29,2.95,18.8,80.4,15.2,84,31.4,29,47.1
Los Angeles,20212022,82,44,27,--,11,99,0.604,3.27,35,40,4,235,232,2.87,2.83,16.1,76.7,12.5,81.5,34.9,28.5,52.2
Dallas,20212022,82,46,30,--,6,98,0.598,3.17,31,41,5,233,244,2.84,2.98,22.4,79,20.3,82.2,30.3,31,54.8
Nashville,20212022,82,45,30,--,7,97,0.591,3.03,35,41,4,262,250,3.2,3.05,24.4,79.2,22.5,79.9,29.7,32.3,51.2
Vegas,20212022,82,43,31,--,8,94,0.573,3.2,34,39,4,262,244,3.2,2.98,18.4,77.4,15.1,82.2,34.5,30,49.3
Vancouver,20212022,82,40,30,--,12,92,0.561,3,32,37,3,246,231,3,2.82,23.5,74.9,21.1,77.1,32,31.9,52
Winnipeg,20212022,82,39,32,--,11,89,0.543,3.25,32,37,2,250,253,3.05,3.09,21.1,75,17.8,78.9,32.3,33.2,50.7
New York Islanders,20212022,82,37,35,--,10,84,0.512,2.62,34,35,2,229,231,2.79,2.82,22.1,84.2,18.8,86.5,28.9,32.5,51.3
Columbus,20212022,82,37,38,--,7,81,0.494,2.88,26,33,4,258,297,3.15,3.62,18.6,78.6,15.9,81.5,30,35.2,48.5
San Jose,20212022,82,32,37,--,13,77,0.47,2.68,22,29,3,211,261,2.57,3.18,19,85.2,13.9,87,29.3,32,49.6
Anaheim,20212022,82,31,37,--,14,76,0.463,2.58,22,27,4,228,266,2.78,3.24,21.9,80.8,20.1,83.5,29.2,33.2,48.2
Buffalo,20212022,82,32,39,--,11,75,0.457,2.53,25,29,3,229,287,2.79,3.5,21.2,76.4,18.5,79.3,29.9,33,46
Detroit,20212022,82,32,40,--,10,74,0.451,2.79,21,29,3,227,310,2.77,3.78,16.3,73.8,11.9,75.6,29.4,33.7,49.4
Ottawa,20212022,82,33,42,--,7,73,0.445,3.01,26,30,3,224,264,2.73,3.22,19.3,80.3,17.7,83.9,30,33.4,47.9
Chicago,20212022,82,28,42,--,12,68,0.415,2.44,16,22,6,213,289,2.6,3.52,19.2,76.2,16.7,77.1,28.8,33,49.6
New Jersey,20212022,82,27,46,--,9,63,0.384,2.94,19,24,3,245,302,2.99,3.68,15.6,80.2,9.3,83,31.2,31,46.9
Philadelphia,20212022,82,25,46,--,11,61,0.372,2.85,20,24,1,210,294,2.56,3.59,12.6,75.7,8,78.3,31,34,52.1
Seattle,20212022,82,27,49,--,6,60,0.366,2.58,23,24,3,213,284,2.6,3.46,14.6,74.9,11.4,78.5,29,28.9,47.7
Arizona,20212022,82,25,50,--,7,57,0.348,2.37,18,24,1,206,309,2.51,3.77,13.9,75,11.9,76.2,25.9,35.5,47.3
Montr√©al,20212022,82,22,49,--,11,55,0.335,2.63,16,19,3,218,317,2.66,3.87,13.7,75.6,8.9,77.7,29.8,34.4,49.2